Band of Brothers,9.6
Playing Shakespeare,9.6
Breaking Bad,9.5
Game of Thrones,9.5
Cosmos,9.3
Human Planet,9.3
Mahabharat,9.3
Sherlock,9.3
The Sopranos,9.3
True Detective,9.3
Avatar: The Last Airbender,9.2
Coptic Broadcasting Network,9.2
Das Boot,9.2
Dekalog,9.2
Firefly,9.2
Flabulous,9.2
Huntingtower,9.2
Leyla ile Mecnun,9.2
Matador,9.2
Motion,9.2
Nana,9.2
Over the Garden Wall,9.2
Point Counterpoint,9.2
Retire My Room,9.2
The Life of Mammals,9.2
Vice Versa,9.2
Arrested Development,9.1
Before the Dark,9.1
Bharat Ek Khoj,9.1
Blue World,9.1
Boomtown,9.1
Byomkesh Bakshi,9.1
Fargo,9.1
Hollywood,9.1
"I, Claudius",9.1
Live Fearless,9.1
Long Way Round,9.1
Mesto vstrechi izmenit nelzya,9.1
National Theatre Live,9.1
Prosjaci i sinovi,9.1
The Games,9.1
The Private Life of Plants,9.1
42,9.0
Batman: The Animated Series,9.0
Dexter,9.0
Dirty Jobs,9.0
Equinox,9.0
Freaks and Geeks,9.0
From the Earth to the Moon,9.0
Monty Python's Flying Circus,9.0
North & South,9.0
Quentin Durward,9.0
Rome,9.0
Seinfeld,9.0
The Century of the Self,9.0
The Children of Green Knowe,9.0
The Lizzie Bennet Diaries,9.0
The Power of Nightmares: The Rise of the Politics of Fear,9.0
The Simpsons,9.0
The Twilight Zone,9.0
The War,9.0
Twin Peaks,9.0
Velo misto,9.0
Airport Douchery,8.9
Astheneis kai odoiporoi,8.9
At the Movies,8.9
CBS Children's Film Festival,8.9
Carmilla,8.9
Countdown,8.9
Cup of Joe,8.9
Deadwood,8.9
Devil's Playground,8.9
Die zweite Heimat - Chronik einer Jugend,8.9
Dragon Ball Z,8.9
"Evil, I",8.9
Eyewitness,8.9
Fawlty Towers,8.9
Fractured Flickers,8.9
Homefront,8.9
Hong lou meng,8.9
House M.D.,8.9
House of Cards,8.9
It's Always Sunny in Philadelphia,8.9
Jim Knopf und die wilde Dreizehn,8.9
Lonesome Dove,8.9
Nie zi,8.9
Only Fools and Horses....,8.9
Oz,8.9
Posh Nosh,8.9
Six Feet Under,8.9
Slings and Arrows,8.9
South Pacific,8.9
South Park,8.9
Straightaway,8.9
The Buried Life,8.9
The Case-Book of Sherlock Holmes,8.9
The Daily Show,8.9
The Price,8.9
The Screen Savers,8.9
Tokyo Love Story,8.9
